<?xml version="1.0" encoding="UTF-8"?>
<!DOCTYPE mapper PUBLIC "-//mybatis.org//DTD Mapper 3.0//EN" "http://mybatis.org/dtd/mybatis-3-mapper.dtd">
<mapper namespace="org.ibase4j.mapper.SysRoleMapper">
	<!--  -->
  <select id="selectIdPage" resultType="java.lang.Long" useCache="false">
		select id_ from sys_role
		<where>
			<if test="cm.deptId != null">
				and dept_id = #{cm.deptId}
			</if>
			<if test="cm.keyword != null">
				and role_name like CONCAT('%',#{cm.keyword},'%')
			</if>
			<if test="cm.permission != null">
				and role_type != '3'
			</if>
		</where>
	</select>
</mapper>