<?xml version="1.0" encoding="UTF-8"?>
<beans xmlns="http://www.springframework.org/schema/beans"
	xmlns:xsi="http://www.w3.org/2001/XMLSchema-instance" xmlns:context="http://www.springframework.org/schema/context"
	xmlns:motan="http://api.weibo.com/schema/motan"
	xsi:schemaLocation="http://www.springframework.org/schema/beans
         http://www.springframework.org/schema/beans/spring-beans-4.0.xsd  
         http://www.springframework.org/schema/context
         http://www.springframework.org/schema/context/spring-context-4.0.xsd
   		http://api.weibo.com/schema/motan
   		http://api.weibo.com/schema/motan.xsd">
	<!-- SYS -->
	<motan:referer id="schedulerService" interface="org.ibase4j.service.SchedulerService"
		check="false" />
	<motan:referer id="sendMsgService" interface="org.ibase4j.service.SendMsgService"
		check="false" />
	<motan:referer id="sysArticleService" interface="org.ibase4j.service.SysArticleService"
		check="false" />
	<motan:referer id="sysAuthorizeService" interface="org.ibase4j.service.SysAuthorizeService"
		check="false" />
	<motan:referer id="sysCacheService" interface="org.ibase4j.service.SysCacheService"
		check="false" />
	<motan:referer id="sysDeptService" interface="org.ibase4j.service.SysDeptService"
		check="false" />
	<motan:referer id="sysDicService" interface="org.ibase4j.service.SysDicService"
		check="false" />
	<motan:referer id="sysEmailConfigService" interface="org.ibase4j.service.SysEmailConfigService"
		check="false" />
	<motan:referer id="sysEmailService" interface="org.ibase4j.service.SysEmailService"
		check="false" />
	<motan:referer id="sysEmailTemplateService" interface="org.ibase4j.service.SysEmailTemplateService"
		check="false" />
	<motan:referer id="sysEventService" interface="org.ibase4j.service.SysEventService"
		check="false" />
	<motan:referer id="sysFeedbackService" interface="org.ibase4j.service.SysFeedbackService"
		check="false" />
	<motan:referer id="sysMenuService" interface="org.ibase4j.service.SysMenuService"
		check="false" />
	<motan:referer id="sysMsgConfigService" interface="org.ibase4j.service.SysMsgConfigService"
		check="false" />
	<motan:referer id="sysMsgService" interface="org.ibase4j.service.SysMsgService"
		check="false" />
	<motan:referer id="sysNewsService" interface="org.ibase4j.service.SysNewsService"
		check="false" />
	<motan:referer id="sysNoticeService" interface="org.ibase4j.service.SysNoticeService"
		check="false" />
	<motan:referer id="sysParamService" interface="org.ibase4j.service.SysParamService"
		check="false" />
	<motan:referer id="sysRoleService" interface="org.ibase4j.service.SysRoleService"
		check="false" />
	<motan:referer id="sysSessionService" interface="org.ibase4j.service.SysSessionService"
		check="false" />
	<motan:referer id="sysUnitService" interface="org.ibase4j.service.SysUnitService"
		check="false" />
	<motan:referer id="sysUserService" interface="org.ibase4j.service.SysUserService"
		check="false" />
	<!-- Biz -->
</beans>